Nombre;Apellido;Telefono ;Direccion;CorreoElectronico;Fecha Nacimiento;DPI ;Fotografia;Password
Marvin; Estuardo Hernández Lorente;7076944034;1YDWZUQORTX;99INpgYVdpQJ;2015-12-17;200313310;C:\;10372
Rafael; Antonio Morales Donis;2714534883;2IQHNMSHLAS;1ZrYSYnuacp;2015-12-18;200413150;C:\;29612
Edgar; Jose Contreras Cabrera;5074245221;3KTRYYEFTSG;2vecemMyVus;2015-12-19;200714558;C:\;30269
Jonathan Esau; Enriquez Rivera;6629161944;4ONOOJBCAUQ;3TcEHLQnLqk;2015-12-20;200714899;C:\;41901
Lester Waldemar; Pineda Mejia;2490927143;5HAQVPOMMKC;4NaMszoHpmT;2015-12-21;200718932;C:\;59430
Erick Lisinio; Martinez Lara;9710181771;6RTYKVTWNZX;5BfRHZlQzNJ;2015-12-22;200819088;C:\;63235
Sergio Alfonso; Ferrer Garcia;6064585486;7ZWPOAVABXY;6NLbodcBDlD;2015-12-23;200819619;C:\;74851
Norberto Daniel; Alvarez Gatica;1353078371;8YNIOEUQZQO;7KIGiexibaa;2015-12-24;200915305;C:\;88087
Jose Carlos; Toj Ajuchan;2382251004;9UNJBRPZCYQ;8MouyImMEby;2015-12-25;200915365;C:\;97703
Eugenio Miguel; Polanco Sotoj;6189678720;10ZAPATZYSMC;9dpcOeigWoU;2015-12-26;200915390;C:\;109039
Fredy Estuardo; Marroquin Alvarez;3681153111;11CXXCQABDHJ;10FshxhomKDK;2015-12-27;200915391;C:\;110277
Edy Danilo Paz; Cardenas;9538935461;12VQUOXOXIKY;11DCMlGJOdHs;2015-12-28;200915561;C:\;122613
Eliezer Isai; Coronado Morales;1226816721;13ZFSGAPUOXD;12UIqJOffUzM;2015-12-29;200915652;C:\;134012
Samuel Alberto; Perez Jimenez;7542733941;14EPWUKJXCFL;13hJVXvVZlab;2015-12-30;200924991;C:\;147821
Hugo Alejandro; Velasquez Peña;6955965652;15JHSRYURQKE;14KnDCKUjPOE;2015-12-31;200925238;C:\;156853
Willy Rene; Suruy Subuyuj;7784799388;16QZSTMAJOUD;15oPNSdezDBb;2016-01-01;201020249;C:\;161890
Dery Maricruz ;Martinez Montoya;3151459491;17EBQZAUFXTG;16JTVdXbWUKW;2016-01-02;201020447;C:\;176117
Yesus Rudy; Espinoza Pivaral;6311338028;18LIULOZWQYL;17CHWWkBKpPW;2016-01-03;201020534;C:\;183310
Diego Rodrigo; Guerrero Hernandez;6568215798;19VVJYZXRDAX;18hPzvhtsHqC;2016-01-04;201020621;C:\;192241
Saul Estuardo; Mendez Dubon;8599623291;20FQJLSHQXWK;19qBfmgVfQOd;2016-01-05;201020754;C:\;201300
Anibal Roberto ;Gomez Morales;6577949762;21TWIUSDQYLZ;20lwQDPRFhkA;2016-01-06;201020909;C:\;218640
Otto Wilfredo; Estevez Moran;6675627695;22LOCURSICPZ;21JXALiwSVfU;2016-01-07;201025198;C:\;227224
Dolmo Flores; Mateo Pedro;6773305627;23VJYWESJOBQ;22OipgaQKvOj;2016-01-08;201025404;C:\;238322
William Danilo ;Recinos Lemus;6870983559;24PQFNJXXHFG;23rcWSTeUwWT;2016-01-09;201114130;C:\;247992
Luis Alfredo; Locon Pena;6968661491;25SHVCURFGBZ;24SqApyPSOpM;2016-01-10;201114133;C:\;257566
Augusto German ;Mazariegos Salguero;7066339424;26DHDYBOIFYU;25aRMmXVPWkm;2016-01-11;201114279;C:\;268526
Otoniel Alexander; Hernandez Arias;7164017356;27ZRWYZPDZBY;26dYSLNcluwr;2016-01-12;201114496;C:\;270181
Marcos Daniel ;Mayen De Leon;7261695288;28MRVHTBNOWF;27jmyTeZvVFF;2016-01-13;201114771;C:\;287339
Brandown Leonel ;Rivas Orellana;7359373221;29ACTDBBVDKB;28nsWMozxjBu;2016-01-14;201123065;C:\;296277
Julio Cesar; Flores Tubac;7457051153;30QTNDWZWPRW;29nflLCurjuP;2016-01-15;201212508;C:\;309148
Yessenia Aracely ;Yaguas Godinez;7554729085;31ZPKGNQCMXQ;30wdevVWWcNT;2016-01-16;201212558;C:\;319198
Felipe Alberto; De Leon Montenegro;7652407018;32FJNHBLJZWW;31TlFbfkECly;2016-01-17;201212562;C:\;327273
Leonel Alejandro; Zamora Hernandez;7750084950;33JSMNWDWTUR;32GUdHclcshr;2016-01-18;201212762;C:\;330317
Luis Enrique; Lopez Urbina;7847762882;34BDPQOALEBH;33PkejBuOErw;2016-01-19;201212802;C:\;344775
Ana Judit; Ortiz Martinez;7945440815;35AAAUBQWOLM;34nJLUUdOkAH;2016-01-20;201212818;C:\;351374
Estrellita Guadalupe; Armas Monroy;8043118747;36LZEYKPVHUJ;35JQeiHGocrV;2016-01-21;201212828;C:\;364898
Luis Fernando; Martinez Godoy;8140796679;37JMCXMAWBDF;36QOpLLyXqAd;2016-01-22;201212919;C:\;371436
Mario Esau ;Moreno Mijangos;8238474612;38CSKGXPABCS;37WUfjQckPOC;2016-01-23;201213001;C:\;386025
Mynor Ceferino; Rompiche Herrera;8336152544;39BRVAROGOWZ;38xUDdrkYiwP;2016-01-24;201213114;C:\;390868
Astrid Edith; Hernandez Gonzalez;8433830476;40PAGKMLCDKV;39iuultzprXw;2016-01-25;201213197;C:\;406603
Mario Obed; Morales Guitz;8531508408;41LXDXBLZLOD;40pTHLdAiFbu;2016-01-26;201213223;C:\;419445
Vania Gared ;Argueta Rodriguez;8629186341;42VYVXKIESEY;41VuVCrjVAEz;2016-01-27;201213283;C:\;423759
Vincent Geovanni; Rodriguez Leal;8726864273;43HEUZBZKNOC;42mtPtbdtsZg;2016-01-28;201213487;C:\;436822
Victoria Cristina ;Santiago Morales;8824542205;44QOLVASBOVF;43CMYJZBwPZP;2016-01-29;201220139;C:\;447462
Oscar Rolando; Bernard Peralta;8922220138;45VVZLEELOXA;44PunwAZRtbn;2016-01-30;201220160;C:\;451052
Juan Pablo ;Garcia Monzon;9019898070;46KNJWPKDPIG;45UwxtsBNLOI;2016-01-31;201220165;C:\;462348
Joselyn Denisse; Barrera Rodriguez;9117576002;47LSRCFWWRYF;46QdrINpwrLa;2016-02-01;201222615;C:\;477629
Jossie Bismarck ;Castrillo Fajardo;9215253935;48NGNYVLJBTT;47OYaSkhcPRE;2016-02-02;201224240;C:\;483321
Byron David; Cermeño Juárez;9312931867;49CQPQJTIEJR;48FSnUHSilAr;2016-02-03;201313692;C:\;498154
Darwin Leonel ;Ramirez Alvarez;9410609799;50QXTASQCDYH;49gEjqxYVnca;2016-02-04;201313734;C:\;500650
Hayrton Omar ;Ixpatá Coloch;9508287732;51FDAZBNNDHF;50SsyFeUUvYE;2016-02-05;201313741;C:\;512066
Carlos Arnoldo ;López Coroy;9605965664;52ZXOYNLZSBK;51vnksLverjG;2016-02-06;201313875;C:\;523900
Ludwin Romario; Burrión Imuchac;9703643596;53XJJOBSRNMO;52UbYXKdiOfi;2016-02-07;201313894;C:\;531802
Brandon Enrique ;Pedroza Ochoa;9801321529;54VAFAANLEBB;53vrEymCCMWX;2016-02-08;201314001;C:\;540311
Randolph Estuardo; Muy Chanchavac;9898999461;55VTJVOTCGIR;54CgMAgbSlEK;2016-02-09;201314079;C:\;555303
Luis Manuel; Morales López;9996677393;56MISYAGNGNE;55UagfdIUxZB;2016-02-10;201314112;C:\;567483
Carlos Rene; Orantes Lara;10094355325;57RPWTPCPOZK;56SQfQzSLovW;2016-02-11;201314160;C:\;573124
Andrea Lissette; Flores Aguilar;10192033258;58DOJERZZYLM;57sOZmhJLYbw;2016-02-12;201314172;C:\;582456
Mario Roberto; Cojolón Shoc;10289711190;59XDENPLRIFY;58BIOtLZxTjW;2016-02-13;201314241;C:\;591209
Roberto Carlos ;Rodríguez Vásquez;10387389122;60SJTXEAISVR;59uyJbITGJwG;2016-02-14;201314359;C:\;601543
Erwin Guillermo ;Juárez Arauz;10485067055;61KPEYBQEEVN;60vogvzPVHoE;2016-02-15;201314361;C:\;617760
Henrry David; Bran Velásquez;10582744987;62YGCYDNUNQI;61FWlqlIXzIy;2016-02-16;201314392;C:\;629684
Carlos Enrique ;Canté López;10680422919;63NWWNSFUTHR;62SoaSfcDNAi;2016-02-17;201314439;C:\;634066
Manuel Fernando ;Chojolán Hernandez;10778100852;64SBJXJEOYCQ;63KBcVSedQtB;2016-02-18;201314448;C:\;641777
Carlos Gabriel ;Peralta Cambrán;10875778784;65NHWZTJHFLM;64talCBlexsO;2016-02-19;201314489;C:\;658102
Glen Abra-Ham ;Calel Robledo;10973456716;66MRFLYKUENY;65rwmOndrfhu;2016-02-20;201314556;C:\;662724
Fernando Andrés; Mérida Antón;11071134649;67JEETTPNUWD;66eLBrwEmLzM;2016-02-21;201314642;C:\;675935
Raquel Vanessa; Martinez Sandoval;11168812581;68HQDXYTTXFR;67zFiomwXHcH;2016-02-22;201314713;C:\;684783
Jorge Billy ;Ochoa Tobar;11266490513;69VSQIIITLPV;68wPNOihHvXp;2016-02-23;201314752;C:\;690362
José Alejandro ;Urbina Ramírez;11364168446;70CDNRSEHYVX;69WNlZyMjgko;2016-02-24;201314795;C:\;709772
Alan Jeremias; Pérez Tomas;11461846378;71UPIPVWENCW;70PJRqfFEcQq;2016-02-25;201314798;C:\;713265
Melyza Alejandra ;Rodríguez Contreras;11559524310;72UDBAIIMBKI;71BWUnhANXvk;2016-02-26;201314817;C:\;723308
Erick Fernando Elías Diaz; López Santos;11657202242;73RZXZQPAAEE;72MRJGHNwOgW;2016-02-27;201314821;C:\;731167
Jhonatan Leonel; Mazariegos Navarro;11754880175;74JCFAVVXHKO;73wqQvoVhWBH;2016-02-28;201325533;C:\;746173
Lester Fernando; Espina Molina;11852558107;75JMPWFBNVMS;74XjXUUpPVXI;2016-02-29;201325583;C:\;755020
Jorge David; Gómez Gómez;11950236039;76VJFVMCSRLU;75qMnydWSJQw;2016-03-01;201403610;C:\;765232
Huriel Uvaldo;Alvarez López;12047913972;77MMWLSRXWJS;76uWHfYLZZJe;2016-03-02;201403632;C:\;772873
Brandon Bredly ;Pérez Larios;12145591904;78MNJCPQMBIW;77OezlAsNZRi;2016-03-03;201403841;C:\;787373
Aldo Ebany ; Paz González;12243269836;79LXRJXLJRAM;78xLWbJnkqdP;2016-03-04;201403862;C:\;793252
Fernando José;Vicente Campos;12340947769;80LTAFCLOLQS;79bhrSJvTbFM;2016-03-05;201403877;C:\;808609
Andrea Nicte ; González Méndez;12438625701;81ZUWRPBKHNU;80ZGyHhuirdS;2016-03-06;201404082;C:\;816976
Oscar Alejandro; Tórtola Tistoj;12536303633;82KHZEOOTIHZ;81ZgXCdrRKHM;2016-03-07;201404104;C:\;825824
Osmel David;Alvarez Hernández;12633981566;83DMBFMZIIKG;82worrotkonl;2016-03-08;201404130;C:\;834196
Josselyn Dinora ;Toca De León;12731659498;84HOYVXMKGWK;83HkgJUbKvDo;2016-03-09;201404218;C:\;843574
José Ricardo ;Contreras Herrera;12829337430;85HHEYMYYNSK;84EjzUURjqmR;2016-03-10;201404232;C:\;851913
Paúl Steve ;Santos Barrios;12927015363;86GWDQNZBLLY;85tpYmesCqzU;2016-03-11;201404414;C:\;860689
Jose Ottoniel ; Mejía Grajeda;13024693295;87NRAXTWAGBS;86rdKpXFgXLk;2016-03-12;201408489;C:\;874798
Kevin Manuel;Avalos Soto;13122371227;88JDCRXLCHFN;87KKEDocpLuv;2016-03-13;201408515;C:\;884154
Carlos Andree ; Muhun Recinos;13220049159;89YFIYJDAPGQ;88nSMMTyaDpt;2016-03-14;201408531;C:\;897576
Tanya Beatriz; De León Ruíz;13317727092;90DOCEDNXYCW;89blbcfqVsoz;2016-03-15;201408580;C:\;905447
José Daniel; Retana Arriola;13415405024;91VKUVXRJNDR;90EXVYcqCenf;2016-03-16;201443726;C:\;914491
Susel Eugenia;Sazo Mayén;13513082956;92WFBULPNVPO;91fvoYpoOtom;2016-03-17;201503393;C:\;923237
César Dionicio ;Cux Bran;13610760889;93KEXHEBCMHZ;92IbTuptXsnw;2016-03-18;201503422;C:\;936275
Roberto Adrián ; Ruano Pernillo;13708438821;94PYQRFPHPDM;93vazzMzUPgt;2016-03-19;201503440;C:\;946514
Yimmi Daniel;Cutz Hernández;13806116753;95AJUUYFTBHP;94lYPkGVlVWl;2016-03-20;201503464;C:\;954690
Ricardo Antonio ; Casiano Sipac;13903794686;96HNVGYZPBSR;95AUhQwCdPBW;2016-03-21;201503470;C:\;969107
Claudia Paola;Valdéz Pérez;14001472618;97ZCMYOUIXVO;96BMMrrRzWHB;2016-03-22;201503476;C:\;973377
José Fernando ;Omar Ruano Roca;14099150550;98GJFCDMATFX;97EqzNMBNSAU;2016-03-23;201503595;C:\;984812
Miguel Angel ; Osorio García;14196828483;99DFLQMELPAB;98AHqeCXbpuv;2016-03-24;201503651;C:\;994983
Diego Ernesto; Sirín Hernández;14294506415;98GJFCDMATFX;97EqzNMBNSAU;2016-03-25;201503666;C:\;994983
Lou Eddy;Cuéllar Mancilla;14392184347;99DFLQMELPAB;98AHqeCXbpuv;2016-03-26;201503692;C:\;994983
Oscar René ; Sierra Herrera;14489862280;98GJFCDMATFX;97EqzNMBNSAU;2016-03-27;201503699;C:\;994983
Julia Argentina;Juárez López;14587540212;99DFLQMELPAB;98AHqeCXbpuv;2016-03-28;201503712;C:\;994983
Juan Pablo ; Guoz Tubac;14685218144;98GJFCDMATFX;97EqzNMBNSAU;2016-03-29;201503865;C:\;994983
Sergio Geovany; Aguilar Cuque;14782896076;99DFLQMELPAB;98AHqeCXbpuv;2016-03-30;201503869;C:\;994983
Douglas Daniel;Douglas Daniel Aguilar Cuque;14880574009;98GJFCDMATFX;97EqzNMBNSAU;2016-03-31;201503925;C:\;994983
Elmer Orlando; Real Ixcayau;14978251941;99DFLQMELPAB;98AHqeCXbpuv;2016-04-01;201503935;C:\;994983
Sergio Geovany ;Leal Cardona;15075929873;98GJFCDMATFX;97EqzNMBNSAU;2016-04-02;201503936;C:\;994983
Edwar Everaldo; Zacarías;15173607806;99DFLQMELPAB;98AHqeCXbpuv;2016-04-03;201503953;C:\;994983
Rodney Estuardo; López Marroquín;15271285738;98GJFCDMATFX;97EqzNMBNSAU;2016-04-04;201503986;C:\;994983
Christopher Alexander; López Orellana;15368963670;99DFLQMELPAB;98AHqeCXbpuv;2016-04-05;201504028;C:\;994983
Dénilson Eduardo; Argueta Higueros;15466641603;98GJFCDMATFX;97EqzNMBNSAU;2016-04-06;201504100;C:\;994983
Carlos Eduardo ;Torres Caal;15564319535;99DFLQMELPAB;98AHqeCXbpuv;2016-04-07;201504200;C:\;994983
Pablo Javier; Blanco Calderón;15661997467;98GJFCDMATFX;97EqzNMBNSAU;2016-04-08;201504240;C:\;994983
Marlon Eduardo; Quisquinay Grijalva;15759675400;99DFLQMELPAB;98AHqeCXbpuv;2016-04-09;201504242;C:\;994983
Augusto David ;Navarro Ochoa;15857353332;98GJFCDMATFX;97EqzNMBNSAU;2016-04-10;201504243;C:\;994983
Jorge Daniel; Monterroso Nowell;15955031264;99DFLQMELPAB;98AHqeCXbpuv;2016-04-11;201504272;C:\;994983
Julio Antonio ;Chaicoj Cotzojay;16052709196;98GJFCDMATFX;97EqzNMBNSAU;2016-04-12;201504303;C:\;994983
Fernando Josué; Flores Valdez;16150387129;99DFLQMELPAB;98AHqeCXbpuv;2016-04-13;201504381;C:\;994983
Carlos Eduardo; Cordón Hernández;16248065061;98GJFCDMATFX;97EqzNMBNSAU;2016-04-14;201504385;C:\;994983
Christian Enrique; Ramos Alvarez;16345742993;99DFLQMELPAB;98AHqeCXbpuv;2016-04-15;201504427;C:\;994983
David Andrés ;Alcázar Escobar;16443420926;98GJFCDMATFX;97EqzNMBNSAU;2016-04-16;201504444;C:\;994983
Julio Alberto ;Arango Godínez;16541098858;99DFLQMELPAB;98AHqeCXbpuv;2016-04-17;201504480;C:\;994983
Alba Jeanneeth ;Chinchilla Morales;16638776790;98GJFCDMATFX;97EqzNMBNSAU;2016-04-18;201504481;C:\;994983
Jhosef Omar ;Cáceres Aguilar;16736454723;99DFLQMELPAB;98AHqeCXbpuv;2016-04-19;201513629;C:\;994983
Christian Adolfo ;Real Ixcayau;16834132655;98GJFCDMATFX;97EqzNMBNSAU;2016-04-20;201513696;C:\;994983
Cindy Cristabel ;Enríquez Martínez;16931810587;99DFLQMELPAB;98AHqeCXbpuv;2016-04-21;201513700;C:\;994983
Luis Guillermo ;Cuellar Urrea;17029488520;98GJFCDMATFX;97EqzNMBNSAU;2016-04-22;201513735;C:\;994983
